timestamp,executor_count
1699016950617,0
1699016963817,1
1699016964083,2
1699017123784,3
1699017123847,4
1699017123866,5
1699017123882,6
1699017123900,7
1699017124243,8
1699017124310,9
1699017124360,10
1699017124381,11
1699017125727,12
1699017125910,13
1699017125913,14
1699017126434,15
1699017126612,16
1699017126889,17
1699017126972,18
1699017127050,19
1699017127066,20
1699017127218,21
1699017127338,22
1699017127368,23
1699017127413,24
1699017127465,25
1699017127593,26
1699017127974,27
1699017128042,28
1699017128183,29
1699017128453,30
1699017128567,31
1699017130194,32
1699017407947,0
